unit,cycle,setting1,setting2,setting3,s1,s2,s3,s4,s5,s6,s7,s8,s9,s10,s11,s12,s13,s14,s15,s16,s17,s18,s19,s20,s21
69,227,-0.0021,0.0005,100.0,518.67,642.27,1585.04,1408.38,14.62,21.61,553.06,2388.07,9062.23,1.3,47.57,521.34,2388.12,8141.09,8.4225,0.03,392,2388,100.0,39.05,23.2655
8,148,-0.0003,-0.0,100.0,518.67,643.43,1605.59,1421.3,14.62,21.61,551.73,2388.31,9038.57,1.3,48.13,519.87,2388.29,8126.2,8.4914,0.03,395,2388,100.0,38.59,23.0631
48,14,-0.0,-0.0002,100.0,518.67,642.28,1587.36,1394.82,14.62,21.6,554.22,2388.02,9069.23,1.3,47.01,522.16,2388.03,8143.53,8.4054,0.03,390,2388,100.0,38.96,23.3859
54,257,-0.0009,-0.0003,100.0,518.67,643.8,1601.79,1433.26,14.62,21.61,551.37,2388.16,9155.85,1.3,48.15,519.57,2388.15,8220.23,8.5295,0.03,395,2388,100.0,38.3,23.05
96,158,-0.0004,0.0001,100.0,518.67,642.59,1596.77,1402.3,14.62,21.61,554.1,2388.12,9059.46,1.3,47.32,521.6,2388.13,8141.96,8.4082,0.03,392,2388,100.0,38.84,23.3237
78,161,-0.004,-0.0002,100.0,518.67,642.27,1589.57,1407.09,14.62,21.61,553.56,2388.03,9072.0,1.3,47.46,522.16,2388.04,8142.97,8.4043,0.03,393,2388,100.0,38.85,23.2474
27,69,0.0033,0.0003,100.0,518.67,642.77,1578.13,1407.13,14.62,21.61,553.32,2388.08,9066.37,1.3,47.54,522.12,2388.05,8149.25,8.427,0.03,394,2388,100.0,38.78,23.364
40,101,-0.0021,0.0004,100.0,518.67,642.92,1589.92,1420.24,14.62,21.61,553.04,2388.08,9062.74,1.3,47.7,521.24,2388.15,8139.36,8.4421,0.03,393,2388,100.0,38.8,23.1153
27,83,0.0013,0.0001,100.0,518.67,642.24,1591.16,1399.22,14.62,21.61,553.41,2388.07,9072.18,1.3,47.53,520.86,2388.1,8153.05,8.4279,0.03,394,2388,100.0,38.92,23.3416
90,77,0.0014,-0.0002,100.0,518.67,642.68,1580.45,1399.25,14.62,21.61,553.5,2388.11,9043.13,1.3,47.35,521.51,2388.08,8133.08,8.4376,0.03,392,2388,100.0,38.87,23.4124
24,51,0.0012,-0.0002,100.0,518.67,642.24,1587.1,1404.95,14.62,21.61,553.75,2388.1,9061.01,1.3,47.47,522.56,2387.97,8145.11,8.4279,0.03,393,2388,100.0,39.01,23.3056
8,44,0.001,-0.0,100.0,518.67,642.83,1594.48,1412.23,14.62,21.61,553.81,2388.13,9043.58,1.3,47.47,521.38,2388.17,8123.59,8.4808,0.03,393,2388,100.0,38.81,23.2559
52,173,0.003,0.0003,100.0,518.67,643.04,1599.44,1421.29,14.62,21.61,551.73,2388.14,9074.19,1.3,47.68,520.74,2388.15,8153.55,8.476,0.03,396,2388,100.0,38.64,23.197
29,2,0.0011,0.0004,100.0,518.67,642.27,1592.43,1408.53,14.62,21.61,553.71,2388.03,9060.3,1.3,47.27,521.77,2388.05,8140.58,8.4272,0.03,392,2388,100.0,38.84,23.335
85,35,-0.0031,0.0004,100.0,518.67,642.67,1588.03,1404.63,14.62,21.61,553.58,2388.07,9051.62,1.3,47.53,521.83,2388.12,8124.33,8.4248,0.03,391,2388,100.0,38.88,23.2829
5,125,-0.0017,0.0001,100.0,518.67,641.73,1578.0,1406.98,14.62,21.61,554.33,2388.01,9074.98,1.3,47.3,522.24,2388.0,8149.66,8.3917,0.03,391,2388,100.0,38.97,23.355
46,22,-0.0024,0.0002,100.0,518.67,642.2,1589.03,1396.03,14.62,21.6,554.97,2388.02,9057.12,1.3,47.12,522.42,2388.02,8134.46,8.4078,0.03,393,2388,100.0,38.96,23.4641
82,98,0.0038,-0.0002,100.0,518.67,642.61,1587.49,1394.63,14.62,21.61,554.39,2387.95,9070.63,1.3,47.33,522.22,2388.06,8145.74,8.4094,0.03,393,2388,100.0,38.96,23.439
56,111,0.0004,0.0002,100.0,518.67,642.62,1587.73,1411.4,14.62,21.61,552.43,2388.07,9049.92,1.3,47.57,521.2,2388.15,8133.93,8.4491,0.03,393,2388,100.0,38.69,23.3592
88,96,-0.0024,-0.0004,100.0,518.67,642.18,1592.04,1405.2,14.62,21.61,554.36,2388.04,9073.22,1.3,47.54,521.59,2388.01,8150.08,8.4326,0.03,393,2388,100.0,38.9,23.3556
83,98,0.0006,-0.0004,100.0,518.67,642.38,1587.34,1396.74,14.62,21.61,554.19,2387.97,9050.81,1.3,47.27,522.42,2388.01,8138.53,8.3954,0.03,391,2388,100.0,38.92,23.4531
20,136,-0.0015,-0.0005,100.0,518.67,642.65,1597.03,1410.97,14.62,21.61,552.89,2388.11,9065.56,1.3,47.59,521.31,2388.14,8137.22,8.4641,0.03,395,2388,100.0,38.93,23.3832
26,8,-0.0001,-0.0001,100.0,518.67,642.94,1586.14,1412.11,14.62,21.61,552.92,2388.15,9045.97,1.3,47.63,521.24,2388.18,8126.07,8.4106,0.03,392,2388,100.0,38.8,23.279
18,88,-0.0004,0.0,100.0,518.67,641.84,1589.77,1401.22,14.62,21.61,554.32,2388.04,9066.53,1.3,47.15,522.07,2388.05,8149.67,8.4509,0.03,393,2388,100.0,39.04,23.3098
94,220,0.0012,0.0004,100.0,518.67,642.8,1591.17,1421.27,14.62,21.61,552.52,2388.16,9095.01,1.3,47.93,520.26,2388.22,8170.13,8.519,0.03,395,2388,100.0,38.66,23.1685
88,169,-0.0,0.0001,100.0,518.67,642.8,1594.09,1415.45,14.62,21.61,553.3,2388.06,9098.61,1.3,47.71,521.44,2388.07,8166.34,8.457,0.03,393,2388,100.0,38.85,23.1559
66,78,-0.0004,-0.0,100.0,518.67,642.6,1591.0,1414.81,14.62,21.61,553.62,2388.12,9056.67,1.3,47.49,521.19,2388.1,8135.0,8.4339,0.03,394,2388,100.0,38.95,23.2255
90,28,-0.0023,0.0006,100.0,518.67,642.91,1593.32,1395.81,14.62,21.61,555.02,2388.04,9057.35,1.3,47.23,522.45,2388.05,8146.55,8.4442,0.03,392,2388,100.0,39.17,23.4003
32,59,0.0007,0.0002,100.0,518.67,643.0,1597.01,1412.37,14.62,21.61,552.59,2388.13,9054.4,1.3,47.64,521.56,2388.14,8133.15,8.4677,0.03,393,2388,100.0,38.99,23.3316
65,135,0.0019,0.0005,100.0,518.67,643.56,1591.97,1418.04,14.62,21.61,551.92,2388.16,9049.49,1.3,47.98,520.83,2388.21,8126.1,8.4868,0.03,395,2388,100.0,38.6,23.223
52,121,-0.0,0.0003,100.0,518.67,643.11,1594.33,1417.67,14.62,21.61,553.44,2388.12,9056.15,1.3,47.64,521.07,2388.12,8130.16,8.4469,0.03,394,2388,100.0,38.72,23.2883
54,223,-0.0007,-0.0001,100.0,518.67,642.91,1596.45,1411.03,14.62,21.61,553.37,2388.1,9111.82,1.3,47.78,521.24,2388.13,8182.99,8.4706,0.03,396,2388,100.0,38.79,23.2558
11,184,0.0022,-0.0001,100.0,518.67,642.91,1595.5,1419.01,14.62,21.61,552.96,2388.06,9089.0,1.3,47.79,521.75,2388.08,8163.45,8.4274,0.03,392,2388,100.0,38.83,23.3222
56,92,0.0038,-0.0,100.0,518.67,643.09,1588.19,1407.95,14.62,21.61,553.14,2388.05,9058.91,1.3,47.46,521.62,2388.11,8136.97,8.4363,0.03,394,2388,100.0,38.8,23.3249
12,33,-0.0009,-0.0,100.0,518.67,642.41,1589.35,1406.3,14.62,21.61,553.1,2388.06,9044.7,1.3,47.51,521.33,2388.08,8123.56,8.4577,0.03,393,2388,100.0,38.94,23.3029
13,26,-0.001,0.0003,100.0,518.67,642.19,1586.42,1402.94,14.62,21.61,553.7,2388.1,9063.15,1.3,47.58,521.49,2388.11,8133.23,8.4346,0.03,391,2388,100.0,38.83,23.3003
25,220,-0.0008,0.0,100.0,518.67,643.35,1601.93,1425.47,14.62,21.61,551.49,2388.15,9125.1,1.3,47.98,519.78,2388.21,8191.87,8.5385,0.03,396,2388,100.0,38.53,23.0558
87,145,-0.0028,0.0005,100.0,518.67,643.22,1595.12,1424.86,14.62,21.61,552.26,2388.17,9059.1,1.3,47.69,520.87,2388.18,8129.45,8.4852,0.03,393,2388,100.0,38.74,23.1952
83,97,-0.0009,0.0003,100.0,518.67,642.55,1584.9,1393.5,14.62,21.6,554.5,2388.03,9058.39,1.3,47.17,522.43,2388.01,8136.57,8.4124,0.03,393,2388,100.0,38.82,23.4637
82,185,0.0032,-0.0004,100.0,518.67,642.93,1598.06,1400.51,14.62,21.61,552.85,2388.1,9121.4,1.3,47.66,521.77,2388.02,8197.65,8.4286,0.03,392,2388,100.0,38.64,23.3238
56,199,0.0047,-0.0003,100.0,518.67,643.0,1592.82,1416.02,14.62,21.61,552.57,2388.13,9074.41,1.3,47.81,521.28,2388.1,8160.42,8.4731,0.03,393,2388,100.0,38.84,23.1636
14,44,-0.002,0.0003,100.0,518.67,642.94,1589.81,1406.23,14.62,21.61,553.71,2388.1,9063.14,1.3,47.49,521.25,2388.11,8138.57,8.4431,0.03,392,2388,100.0,38.89,23.2996
89,107,-0.0018,0.0004,100.0,518.67,642.21,1590.34,1392.21,14.62,21.61,553.72,2388.05,9048.5,1.3,47.43,522.05,2388.02,8134.41,8.3985,0.03,394,2388,100.0,39.07,23.4121
26,106,0.0008,0.0003,100.0,518.67,643.27,1589.35,1406.73,14.62,21.61,552.97,2388.07,9054.08,1.3,47.65,521.33,2388.16,8136.79,8.4427,0.03,392,2388,100.0,38.79,23.2433
47,152,-0.0029,0.0,100.0,518.67,642.14,1591.49,1401.36,14.62,21.61,553.87,2388.09,9074.22,1.3,47.47,521.46,2388.1,8158.18,8.4696,0.03,393,2388,100.0,38.96,23.2933
100,189,0.0015,0.0001,100.0,518.67,643.69,1599.85,1423.15,14.62,21.61,551.61,2388.18,9069.69,1.3,47.99,519.5,2388.24,8139.78,8.487,0.03,397,2388,100.0,38.65,23.0591
86,98,-0.0003,0.0004,100.0,518.67,642.84,1584.06,1405.74,14.62,21.61,553.1,2388.09,9054.2,1.3,47.49,521.46,2388.08,8141.72,8.427,0.03,392,2388,100.0,39.05,23.299
72,157,0.0025,0.0,100.0,518.67,642.73,1588.79,1402.24,14.62,21.61,552.81,2388.18,9042.94,1.3,47.83,520.92,2388.18,8121.28,8.44,0.03,394,2388,100.0,38.66,23.2466
68,159,-0.0012,-0.0003,100.0,518.67,643.21,1596.99,1408.98,14.62,21.61,553.17,2388.11,9095.43,1.3,47.66,521.08,2388.13,8172.02,8.4716,0.03,394,2388,100.0,38.73,23.3332
7,190,0.0006,-0.0003,100.0,518.67,642.69,1587.13,1415.28,14.62,21.61,553.74,2388.1,9068.88,1.3,47.58,521.61,2388.07,8152.4,8.4669,0.03,394,2388,100.0,38.96,23.257
7,124,-0.0007,-0.0,100.0,518.67,642.25,1592.99,1408.2,14.62,21.61,553.23,2388.04,9072.88,1.3,47.42,521.63,2388.02,8149.35,8.4018,0.03,392,2388,100.0,38.92,23.3578
45,58,-0.0002,-0.0002,100.0,518.67,642.46,1576.54,1406.97,14.62,21.61,553.94,2388.0,9065.63,1.3,47.31,521.87,2387.95,8149.03,8.4252,0.03,392,2388,100.0,39.1,23.4298
99,50,-0.0023,-0.0004,100.0,518.67,641.88,1591.72,1400.68,14.62,21.61,554.5,2388.11,9054.98,1.3,47.44,522.24,2388.06,8135.54,8.4188,0.03,391,2388,100.0,38.88,23.3519
44,115,-0.0033,-0.0001,100.0,518.67,642.6,1591.42,1408.59,14.62,21.61,553.49,2388.02,9070.93,1.3,47.38,522.13,2388.02,8148.99,8.4559,0.03,392,2388,100.0,38.8,23.4512
13,142,0.0004,-0.0002,100.0,518.67,643.32,1595.55,1424.19,14.62,21.61,552.29,2388.11,9107.28,1.3,47.78,520.54,2388.1,8179.36,8.4915,0.03,395,2388,100.0,38.64,23.1678
24,12,-0.0035,-0.0003,100.0,518.67,642.61,1589.01,1395.95,14.62,21.61,554.08,2388.04,9070.02,1.3,47.23,522.46,2388.01,8148.23,8.4139,0.03,392,2388,100.0,38.85,23.4507
18,9,0.0044,0.0005,100.0,518.67,641.96,1588.77,1401.73,14.62,21.61,554.35,2388.01,9060.59,1.3,47.19,522.31,2388.01,8138.58,8.4192,0.03,392,2388,100.0,38.98,23.4342
22,158,-0.0002,0.0005,100.0,518.67,643.22,1593.07,1415.83,14.62,21.61,551.98,2388.22,9047.53,1.3,48.08,520.21,2388.2,8129.73,8.4849,0.03,393,2388,100.0,38.74,23.3006
12,30,-0.0016,-0.0003,100.0,518.67,642.86,1594.49,1400.58,14.62,21.61,553.52,2388.15,9048.31,1.3,47.4,521.62,2388.12,8133.57,8.4577,0.03,393,2388,100.0,38.9,23.2759
98,45,0.0025,0.0003,100.0,518.67,642.04,1583.26,1402.79,14.62,21.61,554.24,2387.97,9074.64,1.3,47.12,522.11,2388.04,8151.01,8.4072,0.03,392,2388,100.0,38.94,23.3934
11,79,-0.0011,0.0004,100.0,518.67,642.36,1582.83,1396.23,14.62,21.61,553.95,2388.02,9054.08,1.3,47.14,521.93,2388.07,8138.6,8.425,0.03,392,2388,100.0,38.98,23.3147
85,49,0.0002,0.0001,100.0,518.67,642.44,1594.21,1407.72,14.62,21.61,553.94,2388.1,9052.31,1.3,47.44,521.53,2388.12,8130.67,8.4278,0.03,393,2388,100.0,38.85,23.3197
53,167,0.0024,-0.0003,100.0,518.67,643.1,1595.83,1422.17,14.62,21.61,553.34,2388.12,9109.39,1.3,47.78,520.73,2388.09,8182.89,8.4432,0.03,393,2388,100.0,38.6,23.1481
7,130,0.0008,-0.0,100.0,518.67,642.08,1580.49,1406.97,14.62,21.61,554.12,2387.96,9070.22,1.3,47.24,521.91,2388.01,8148.93,8.3917,0.03,392,2388,100.0,38.93,23.3635
42,88,-0.0012,-0.0003,100.0,518.67,642.84,1587.33,1404.17,14.62,21.61,553.71,2388.06,9053.9,1.3,47.38,521.86,2388.09,8139.85,8.3969,0.03,394,2388,100.0,39.03,23.3101
21,170,0.001,0.0,100.0,518.67,643.36,1593.53,1414.34,14.62,21.61,552.37,2388.14,9100.01,1.3,47.92,520.15,2388.17,8182.63,8.467,0.03,394,2388,100.0,38.68,23.1021
74,113,-0.0039,0.0002,100.0,518.67,642.83,1596.96,1403.74,14.62,21.61,552.95,2388.12,9061.24,1.3,47.47,521.69,2388.14,8139.55,8.44,0.03,393,2388,100.0,38.79,23.238
43,94,0.0029,-0.0003,100.0,518.67,642.09,1588.54,1403.83,14.62,21.61,554.7,2388.06,9048.29,1.3,47.26,521.71,2388.08,8134.98,8.4109,0.03,392,2388,100.0,39.0,23.2943
92,206,-0.0021,-0.0,100.0,518.67,643.32,1590.82,1409.96,14.62,21.61,553.21,2388.03,9070.58,1.3,47.41,521.58,2388.09,8143.98,8.4261,0.03,394,2388,100.0,38.72,23.2385
43,1,-0.0007,-0.0004,100.0,518.67,642.56,1579.64,1392.51,14.62,21.61,554.3,2387.98,9056.32,1.3,47.08,522.02,2388.04,8139.17,8.3782,0.03,393,2388,100.0,38.84,23.3701
7,172,-0.0019,-0.0003,100.0,518.67,642.92,1595.4,1406.01,14.62,21.61,553.69,2388.06,9081.88,1.3,47.62,521.78,2388.1,8153.61,8.445,0.03,393,2388,100.0,38.76,23.3599
100,11,-0.0011,-0.0005,100.0,518.67,642.38,1587.75,1403.69,14.62,21.61,553.43,2388.02,9062.92,1.3,47.46,522.23,2388.02,8146.18,8.3973,0.03,393,2388,100.0,39.04,23.4191
46,81,0.0026,-0.0004,100.0,518.67,642.45,1583.75,1407.25,14.62,21.61,554.8,2388.07,9056.13,1.3,47.16,522.53,2388.05,8134.27,8.4213,0.03,392,2388,100.0,39.03,23.3395
55,109,0.0015,-0.0001,100.0,518.67,642.33,1584.97,1409.02,14.62,21.61,553.48,2388.07,9063.96,1.3,47.49,521.4,2388.09,8144.31,8.4535,0.03,393,2388,100.0,38.83,23.3957
2,150,-0.0021,0.0004,100.0,518.67,642.62,1585.43,1393.74,14.62,21.61,554.13,2388.01,9056.95,1.3,47.15,522.22,2388.02,8138.55,8.4175,0.03,391,2388,100.0,39.03,23.2996
83,149,-0.0007,-0.0003,100.0,518.67,642.55,1582.62,1402.31,14.62,21.61,553.42,2388.05,9063.8,1.3,47.43,522.01,2388.05,8135.96,8.3751,0.03,394,2388,100.0,38.9,23.3295
69,2,-0.0003,-0.0004,100.0,518.67,641.5,1594.24,1401.54,14.62,21.61,554.22,2388.04,9057.57,1.3,47.26,522.08,2388.08,8139.88,8.4172,0.03,392,2388,100.0,39.02,23.4189
18,123,-0.0019,-0.0002,100.0,518.67,642.57,1582.27,1394.88,14.62,21.61,554.33,2388.02,9079.59,1.3,47.37,522.52,2388.0,8156.98,8.4051,0.03,391,2388,100.0,38.92,23.3722
100,139,-0.0017,0.0002,100.0,518.67,642.86,1596.71,1408.67,14.62,21.61,552.64,2388.1,9064.89,1.3,47.62,521.29,2388.12,8137.65,8.439,0.03,394,2388,100.0,38.85,23.3012
3,85,0.0043,-0.0001,100.0,518.67,641.95,1587.14,1414.11,14.62,21.61,554.09,2388.01,9067.15,1.3,47.25,521.84,2388.07,8144.64,8.3949,0.03,391,2388,100.0,38.87,23.314
69,182,0.0009,-0.0004,100.0,518.67,642.4,1589.78,1407.05,14.62,21.61,553.12,2388.08,9060.83,1.3,47.29,522.14,2388.07,8133.93,8.4335,0.03,393,2388,100.0,39.03,23.3038
95,128,0.0012,0.0001,100.0,518.67,642.12,1588.53,1405.04,14.62,21.61,554.3,2388.05,9064.85,1.3,47.36,522.15,2387.96,8152.31,8.4027,0.03,391,2388,100.0,39.02,23.3738
82,174,0.0015,-0.0004,100.0,518.67,643.56,1595.78,1407.61,14.62,21.61,553.92,2388.05,9115.93,1.3,47.6,521.18,2388.03,8188.23,8.4469,0.03,394,2388,100.0,39.03,23.2962
15,123,0.0002,-0.0002,100.0,518.67,642.17,1582.85,1408.4,14.62,21.61,554.05,2388.08,9063.35,1.3,47.27,521.77,2388.02,8142.79,8.4253,0.03,393,2388,100.0,38.85,23.3931
18,43,-0.0016,0.0002,100.0,518.67,641.34,1584.5,1396.26,14.62,21.61,553.72,2388.03,9055.69,1.3,47.02,522.43,2388.08,8139.6,8.4054,0.03,393,2388,100.0,39.09,23.3709
17,194,-0.0012,0.0001,100.0,518.67,643.07,1587.51,1410.3,14.62,21.61,552.51,2388.02,9086.64,1.3,47.64,521.8,2388.07,8159.0,8.4261,0.03,392,2388,100.0,39.0,23.2493
11,54,-0.0006,-0.0005,100.0,518.67,642.36,1589.87,1394.84,14.62,21.61,554.59,2388.03,9054.95,1.3,47.23,522.0,2387.99,8142.01,8.4052,0.03,391,2388,100.0,39.02,23.4614
41,195,-0.0031,-0.0004,100.0,518.67,642.35,1596.48,1421.22,14.62,21.61,552.62,2388.08,9125.32,1.3,47.82,520.57,2388.11,8193.8,8.5162,0.03,394,2388,100.0,38.48,23.1055
51,211,0.0008,-0.0005,100.0,518.67,643.68,1609.75,1419.91,14.62,21.61,552.63,2388.32,9219.81,1.3,48.27,520.24,2388.29,8279.86,8.5275,0.03,398,2388,100.0,38.43,23.0668
4,155,0.0022,0.0001,100.0,518.67,643.05,1591.94,1406.1,14.62,21.61,552.85,2388.11,9109.24,1.3,47.84,520.72,2388.07,8172.07,8.4545,0.03,395,2388,100.0,38.74,23.2332
44,102,0.0024,-0.0004,100.0,518.67,642.83,1593.85,1397.22,14.62,21.61,553.67,2388.11,9076.48,1.3,47.47,522.02,2388.06,8151.48,8.4278,0.03,393,2388,100.0,38.86,23.3845
74,117,-0.0012,0.0004,100.0,518.67,642.53,1584.49,1409.75,14.62,21.61,553.24,2388.12,9068.55,1.3,47.53,521.03,2388.13,8145.27,8.4948,0.03,393,2388,100.0,38.87,23.1815
52,91,0.0009,0.0,100.0,518.67,642.41,1587.71,1405.17,14.62,21.61,553.19,2388.08,9044.87,1.3,47.7,521.56,2388.12,8129.8,8.4508,0.03,392,2388,100.0,38.79,23.2277
3,60,0.0011,0.0003,100.0,518.67,641.8,1586.82,1405.66,14.62,21.61,553.34,2388.05,9051.65,1.3,47.47,522.23,2388.05,8136.68,8.4616,0.03,394,2388,100.0,38.94,23.2905
14,6,-0.0016,0.0003,100.0,518.67,642.42,1588.53,1406.54,14.62,21.61,553.79,2388.14,9059.66,1.3,47.27,521.66,2388.09,8147.72,8.4172,0.03,394,2388,100.0,38.91,23.3354
64,7,-0.0022,-0.0,100.0,518.67,642.67,1588.0,1402.33,14.62,21.61,554.02,2388.09,9053.91,1.3,47.42,522.39,2388.03,8134.71,8.4504,0.03,393,2388,100.0,38.68,23.3219
47,18,0.0026,-0.0005,100.0,518.67,642.56,1585.06,1400.7,14.62,21.61,554.32,2387.9,9064.85,1.3,47.05,522.78,2387.95,8149.09,8.4005,0.03,392,2388,100.0,39.02,23.495
36,130,0.0051,-0.0,100.0,518.67,643.31,1596.54,1414.89,14.62,21.61,551.77,2388.19,9064.11,1.3,47.82,520.62,2388.18,8135.43,8.4552,0.03,396,2388,100.0,38.72,23.2613
58,38,0.0016,0.0002,100.0,518.67,642.59,1586.97,1404.17,14.62,21.61,554.53,2388.0,9066.04,1.3,47.52,521.89,2387.99,8143.47,8.4355,0.03,392,2388,100.0,38.74,23.376
29,103,0.0016,0.0001,100.0,518.67,642.32,1593.7,1411.8,14.62,21.61,553.04,2388.06,9058.48,1.3,47.48,521.77,2388.1,8135.18,8.4196,0.03,392,2388,100.0,38.88,23.3564
84,204,0.0014,0.0003,100.0,518.67,643.59,1603.34,1415.29,14.62,21.61,552.43,2388.19,9056.9,1.3,47.91,521.33,2388.21,8137.1,8.4884,0.03,394,2388,100.0,38.64,23.2838
68,187,-0.001,0.0004,100.0,518.67,643.94,1608.22,1420.22,14.62,21.61,551.99,2388.16,9143.25,1.3,47.9,520.9,2388.1,8207.12,8.4587,0.03,394,2388,100.0,38.46,23.0604
15,49,0.0007,-0.0005,100.0,518.67,641.74,1584.85,1395.15,14.62,21.61,555.46,2388.0,9062.59,1.3,47.34,521.98,2388.02,8140.04,8.4285,0.03,392,2388,100.0,38.87,23.4577
95,64,-0.0013,0.0,100.0,518.67,642.11,1585.01,1392.21,14.62,21.6,555.06,2387.97,9077.08,1.3,47.08,522.29,2388.0,8155.2,8.3834,0.03,391,2388,100.0,39.05,23.456
32,164,0.0002,-0.0003,100.0,518.67,643.25,1600.47,1416.92,14.62,21.61,552.09,2388.23,9079.07,1.3,47.99,520.61,2388.17,8144.57,8.5228,0.03,395,2388,100.0,38.71,23.2542
67,185,-0.0006,0.0003,100.0,518.67,643.57,1586.31,1407.38,14.62,21.61,553.34,2388.13,9069.65,1.3,47.72,521.0,2388.12,8144.58,8.4317,0.03,395,2388,100.0,38.76,23.1788
75,124,0.0036,0.0001,100.0,518.67,643.13,1595.5,1403.72,14.62,21.61,553.38,2388.16,9043.27,1.3,47.55,520.8,2388.13,8124.41,8.4603,0.03,393,2388,100.0,38.87,23.3049
52,105,0.0017,0.0001,100.0,518.67,642.36,1591.98,1410.27,14.62,21.61,553.48,2388.1,9059.28,1.3,47.51,521.48,2388.13,8133.36,8.4292,0.03,391,2388,100.0,38.93,23.2901
23,66,0.0011,0.0002,100.0,518.67,642.73,1581.98,1411.95,14.62,21.61,552.87,2388.1,9055.96,1.3,47.63,521.57,2388.07,8134.26,8.4369,0.03,394,2388,100.0,39.04,23.2346
40,48,0.0007,-0.0001,100.0,518.67,642.64,1594.51,1415.7,14.62,21.61,553.28,2388.12,9066.92,1.3,47.71,521.68,2388.19,8134.43,8.4731,0.03,394,2388,100.0,38.69,23.2099
45,49,-0.001,-0.0,100.0,518.67,642.18,1580.0,1403.24,14.62,21.61,553.76,2388.02,9062.9,1.3,47.24,522.28,2388.06,8149.36,8.4343,0.03,391,2388,100.0,38.91,23.4004
93,69,-0.0021,-0.0001,100.0,518.67,642.33,1588.38,1392.02,14.62,21.61,553.92,2388.05,9057.19,1.3,47.49,521.97,2388.08,8144.88,8.4009,0.03,391,2388,100.0,38.95,23.3082
7,232,-0.002,-0.0001,100.0,518.67,643.48,1596.72,1412.12,14.62,21.61,552.42,2388.21,9076.22,1.3,47.92,520.45,2388.19,8152.96,8.4756,0.03,396,2388,100.0,38.58,23.0741
12,17,-0.0008,-0.0004,100.0,518.67,642.62,1590.64,1409.69,14.62,21.61,553.95,2388.11,9045.23,1.3,47.49,521.49,2388.13,8125.47,8.4058,0.03,393,2388,100.0,38.94,23.3341
30,73,0.0021,-0.0002,100.0,518.67,642.17,1584.59,1401.3,14.62,21.61,554.4,2387.99,9052.57,1.3,47.32,522.85,2387.97,8142.62,8.3778,0.03,393,2388,100.0,39.01,23.4059
76,91,0.004,-0.0001,100.0,518.67,643.12,1593.62,1413.26,14.62,21.61,553.0,2388.17,9052.53,1.3,47.6,520.8,2388.17,8127.59,8.4238,0.03,392,2388,100.0,38.65,23.203
84,168,-0.0001,-0.0004,100.0,518.67,643.12,1594.93,1420.13,14.62,21.61,552.79,2388.13,9057.27,1.3,47.66,520.65,2388.12,8135.22,8.4651,0.03,396,2388,100.0,38.75,23.1927
90,32,-0.0011,0.0001,100.0,518.67,641.62,1588.54,1397.03,14.62,21.61,554.8,2388.02,9053.34,1.3,47.3,522.42,2388.02,8138.4,8.4365,0.03,392,2388,100.0,38.98,23.3424
66,84,-0.0008,-0.0004,100.0,518.67,642.85,1588.81,1405.82,14.62,21.61,552.79,2388.1,9064.7,1.3,47.63,521.19,2388.17,8139.6,8.4846,0.03,394,2388,100.0,38.69,23.2592
90,10,0.0003,0.0005,100.0,518.67,642.21,1584.76,1391.16,14.62,21.61,553.88,2388.0,9060.54,1.3,47.08,522.19,2388.05,8144.05,8.3768,0.03,391,2388,100.0,38.96,23.3228
6,175,0.0017,0.0003,100.0,518.67,643.84,1602.72,1427.35,14.62,21.61,551.53,2388.32,9035.16,1.3,48.17,520.12,2388.27,8109.68,8.5266,0.03,396,2388,100.0,38.64,23.1005
41,158,-0.0038,0.0002,100.0,518.67,642.32,1592.73,1413.18,14.62,21.61,553.81,2388.08,9082.98,1.3,47.55,521.3,2388.12,8165.81,8.4456,0.03,393,2388,100.0,38.75,23.2287
80,126,-0.005,-0.0001,100.0,518.67,643.23,1592.89,1409.73,14.62,21.61,552.37,2388.11,9076.71,1.3,47.67,520.85,2388.08,8153.08,8.445,0.03,395,2388,100.0,38.77,23.3328
79,129,0.0005,-0.0001,100.0,518.67,642.37,1585.87,1403.0,14.62,21.61,553.87,2388.0,9063.58,1.3,47.35,522.14,2388.07,8148.22,8.3991,0.03,393,2388,100.0,38.86,23.2966
74,6,0.0001,-0.0005,100.0,518.67,642.11,1590.19,1401.07,14.62,21.61,554.26,2388.05,9074.52,1.3,47.21,521.99,2387.99,8151.45,8.3862,0.03,393,2388,100.0,39.04,23.3673
79,121,0.0009,0.0002,100.0,518.67,642.0,1592.53,1408.12,14.62,21.61,554.27,2388.07,9069.79,1.3,47.27,521.92,2388.04,8140.32,8.3997,0.03,393,2388,100.0,38.81,23.276
87,94,-0.002,0.0001,100.0,518.67,643.31,1594.98,1417.07,14.62,21.61,553.42,2388.16,9055.79,1.3,47.6,521.32,2388.11,8145.49,8.4357,0.03,393,2388,100.0,38.7,23.2332
20,70,0.0006,-0.0002,100.0,518.67,642.5,1590.96,1408.9,14.62,21.61,553.18,2388.1,9056.14,1.3,47.45,520.96,2388.1,8141.09,8.4021,0.03,393,2388,100.0,38.81,23.3289
95,198,0.0013,-0.0001,100.0,518.67,642.28,1590.39,1409.82,14.62,21.61,553.39,2388.08,9070.99,1.3,47.67,521.33,2388.05,8159.97,8.4566,0.03,395,2388,100.0,38.83,23.3629
67,19,-0.0037,-0.0004,100.0,518.67,642.4,1583.06,1402.67,14.62,21.61,554.38,2388.03,9064.2,1.3,47.33,522.49,2388.02,8141.73,8.4132,0.03,392,2388,100.0,38.88,23.3814
76,29,-0.0008,-0.0003,100.0,518.67,642.84,1592.65,1404.43,14.62,21.61,554.01,2388.07,9056.25,1.3,47.47,521.48,2388.12,8134.66,8.4613,0.03,394,2388,100.0,38.89,23.3389
50,158,0.0,-0.0002,100.0,518.67,642.75,1598.37,1418.15,14.62,21.61,552.23,2388.15,9093.64,1.3,47.5,520.71,2388.11,8167.54,8.4579,0.03,395,2388,100.0,38.44,23.2506
67,20,0.0009,0.0004,100.0,518.67,642.28,1586.77,1408.78,14.62,21.61,554.04,2388.04,9062.55,1.3,47.33,521.34,2388.05,8149.36,8.4208,0.03,393,2388,100.0,38.89,23.3844
57,88,-0.0028,-0.0003,100.0,518.67,642.75,1599.27,1408.98,14.62,21.61,553.58,2388.14,9045.86,1.3,47.64,521.61,2388.12,8130.21,8.4413,0.03,393,2388,100.0,38.91,23.2624
79,162,-0.0005,0.0004,100.0,518.67,642.92,1597.34,1409.63,14.62,21.61,552.79,2388.09,9066.09,1.3,47.69,521.36,2388.14,8152.79,8.446,0.03,393,2388,100.0,38.66,23.238
46,36,0.0023,-0.0004,100.0,518.67,642.14,1582.79,1398.65,14.62,21.61,554.65,2388.01,9060.26,1.3,47.37,522.28,2387.99,8136.86,8.4049,0.03,391,2388,100.0,38.96,23.4498
8,37,0.0016,-0.0005,100.0,518.67,642.86,1593.86,1409.9,14.62,21.61,553.36,2388.14,9034.65,1.3,47.65,521.28,2388.11,8124.45,8.4143,0.03,394,2388,100.0,38.83,23.2904
22,74,0.0012,-0.0001,100.0,518.67,643.31,1590.59,1407.23,14.62,21.61,552.96,2388.14,9040.94,1.3,47.54,520.98,2388.14,8129.43,8.4913,0.03,392,2388,100.0,38.72,23.1645
88,136,-0.0048,0.0004,100.0,518.67,642.96,1593.72,1412.92,14.62,21.61,552.9,2388.01,9083.55,1.3,47.5,521.7,2388.07,8152.53,8.4724,0.03,393,2388,100.0,39.02,23.3801
46,183,0.0035,0.0004,100.0,518.67,642.71,1589.82,1412.53,14.62,21.61,553.0,2388.09,9059.43,1.3,47.55,521.97,2388.11,8139.51,8.4479,0.03,394,2388,100.0,38.84,23.2896
47,181,-0.0035,0.0003,100.0,518.67,643.25,1596.7,1412.54,14.62,21.61,553.07,2388.14,9086.48,1.3,47.79,521.43,2388.1,8159.96,8.4695,0.03,394,2388,100.0,38.6,23.1514
44,159,0.0025,-0.0003,100.0,518.67,643.36,1593.94,1420.52,14.62,21.61,553.36,2388.16,9083.02,1.3,47.8,520.16,2388.18,8153.24,8.4478,0.03,394,2388,100.0,38.68,23.2056
82,27,-0.0026,0.0001,100.0,518.67,642.15,1582.41,1397.58,14.62,21.61,554.6,2388.02,9067.98,1.3,47.19,522.7,2387.98,8145.04,8.4044,0.03,390,2388,100.0,39.0,23.3612
11,64,0.0002,-0.0003,100.0,518.67,641.97,1584.22,1398.68,14.62,21.61,555.04,2387.97,9050.78,1.3,47.37,522.12,2388.01,8138.86,8.3873,0.03,391,2388,100.0,39.04,23.2613
95,108,0.0004,0.0005,100.0,518.67,642.13,1587.76,1397.98,14.62,21.61,554.02,2388.0,9067.8,1.3,47.33,522.49,2388.0,8155.49,8.3961,0.03,392,2388,100.0,39.04,23.451
25,168,0.0036,0.0002,100.0,518.67,642.48,1599.29,1412.65,14.62,21.61,552.39,2388.12,9068.89,1.3,47.72,521.32,2388.18,8148.48,8.4535,0.03,394,2388,100.0,38.98,23.3493
46,39,-0.0001,-0.0003,100.0,518.67,642.51,1587.55,1400.02,14.62,21.61,553.54,2388.0,9059.85,1.3,47.16,522.85,2388.02,8142.67,8.3806,0.03,392,2388,100.0,38.95,23.4235
87,152,0.0001,0.0,100.0,518.67,643.45,1600.35,1419.37,14.62,21.61,552.31,2388.24,9059.11,1.3,48.03,520.49,2388.21,8135.47,8.4871,0.03,394,2388,100.0,38.63,23.2057
2,99,-0.0034,-0.0004,100.0,518.67,642.04,1585.48,1400.97,14.62,21.61,554.43,2388.05,9054.46,1.3,47.13,522.5,2388.0,8138.18,8.4179,0.03,393,2388,100.0,39.15,23.3414
43,112,-0.0004,0.0002,100.0,518.67,642.16,1587.85,1403.45,14.62,21.61,554.54,2388.05,9055.75,1.3,47.47,521.63,2388.14,8135.53,8.4156,0.03,393,2388,100.0,39.0,23.3487
78,39,0.0023,-0.0001,100.0,518.67,642.21,1586.08,1392.81,14.62,21.61,554.99,2388.01,9057.71,1.3,47.1,522.36,2387.98,8146.05,8.3929,0.03,392,2388,100.0,39.13,23.3995
26,181,0.0034,0.0002,100.0,518.67,643.64,1595.3,1419.93,14.62,21.61,552.03,2388.1,9115.11,1.3,47.99,520.52,2388.17,8183.51,8.5251,0.03,397,2388,100.0,38.68,23.1598
98,51,0.0031,0.0002,100.0,518.67,642.37,1585.49,1397.87,14.62,21.61,553.86,2388.04,9063.93,1.3,47.37,522.18,2388.04,8151.65,8.4103,0.03,393,2388,100.0,39.06,23.2097
32,39,-0.0036,-0.0003,100.0,518.67,642.89,1588.25,1402.41,14.62,21.61,552.66,2388.15,9042.74,1.3,47.56,521.49,2388.11,8124.09,8.4624,0.03,391,2388,100.0,38.69,23.2767
82,10,0.0002,-0.0005,100.0,518.67,641.57,1580.98,1395.96,14.62,21.6,554.8,2388.0,9057.55,1.3,47.1,522.84,2387.94,8146.73,8.4018,0.03,391,2388,100.0,39.05,23.6184
71,106,0.001,-0.0001,100.0,518.67,642.32,1590.9,1406.95,14.62,21.61,553.38,2388.07,9053.88,1.3,47.45,521.25,2388.09,8133.62,8.4061,0.03,393,2388,100.0,38.71,23.1861
94,241,-0.0018,0.0002,100.0,518.67,643.39,1597.99,1421.07,14.62,21.61,552.64,2388.15,9122.98,1.3,47.94,520.95,2388.13,8193.1,8.503,0.03,395,2388,100.0,38.52,23.1268
19,156,-0.0029,-0.0002,100.0,518.67,643.44,1601.17,1430.45,14.62,21.61,550.9,2388.27,9035.58,1.3,48.14,519.67,2388.27,8120.36,8.538,0.03,396,2388,100.0,38.47,23.0858
93,138,0.0005,-0.0002,100.0,518.67,643.05,1592.87,1418.14,14.62,21.61,552.26,2388.18,9068.3,1.3,47.86,520.81,2388.18,8138.89,8.5216,0.03,395,2388,100.0,38.48,23.1711
25,171,-0.0028,-0.0002,100.0,518.67,642.56,1588.49,1410.0,14.62,21.61,552.9,2388.13,9073.13,1.3,47.62,520.9,2388.15,8146.61,8.4526,0.03,395,2388,100.0,38.64,23.1895
92,284,-0.0005,0.0001,100.0,518.67,643.02,1599.5,1416.22,14.62,21.61,553.1,2388.1,9092.13,1.3,47.78,520.75,2388.11,8161.56,8.4498,0.03,394,2388,100.0,38.61,23.1949
60,134,-0.0035,0.0002,100.0,518.67,642.97,1590.9,1419.92,14.62,21.61,552.62,2388.1,9082.52,1.3,47.56,520.64,2388.13,8153.1,8.4321,0.03,395,2388,100.0,38.68,23.176
69,70,0.0029,-0.0004,100.0,518.67,642.1,1587.68,1398.62,14.62,21.61,553.66,2388.09,9060.77,1.3,47.46,521.39,2388.04,8142.28,8.4369,0.03,392,2388,100.0,38.93,23.2777
7,227,0.0004,-0.0001,100.0,518.67,643.3,1600.96,1416.6,14.62,21.61,551.9,2388.17,9080.86,1.3,47.98,520.73,2388.17,8150.49,8.4869,0.03,395,2388,100.0,38.7,23.2282
11,130,-0.0012,0.0005,100.0,518.67,642.17,1586.67,1399.84,14.62,21.61,553.74,2388.05,9060.72,1.3,47.21,521.98,2388.03,8144.99,8.4119,0.03,392,2388,100.0,39.05,23.2464
28,63,0.0025,-0.0003,100.0,518.67,642.52,1583.53,1398.93,14.62,21.61,554.83,2388.04,9066.6,1.3,47.26,522.63,2387.99,8140.3,8.386,0.03,393,2388,100.0,39.22,23.3433
75,209,0.0003,0.0004,100.0,518.67,643.37,1600.45,1427.14,14.62,21.61,552.04,2388.29,9039.25,1.3,48.04,519.81,2388.28,8114.19,8.5039,0.03,395,2388,100.0,38.44,23.0935
70,67,0.0008,0.0001,100.0,518.67,643.05,1589.46,1407.97,14.62,21.61,553.48,2388.06,9065.02,1.3,47.39,521.46,2388.05,8140.76,8.4314,0.03,393,2388,100.0,38.77,23.3704
87,128,-0.0001,0.0002,100.0,518.67,642.63,1595.88,1409.41,14.62,21.61,552.55,2388.1,9065.79,1.3,47.75,520.61,2388.14,8138.14,8.4366,0.03,395,2388,100.0,38.68,23.1833
64,23,0.0006,-0.0004,100.0,518.67,643.49,1590.75,1404.34,14.62,21.61,553.52,2388.11,9058.45,1.3,47.47,522.13,2388.04,8133.45,8.4454,0.03,391,2388,100.0,39.0,23.3449
22,48,-0.0012,-0.0001,100.0,518.67,642.32,1593.99,1419.52,14.62,21.61,553.52,2388.12,9043.64,1.3,47.7,520.89,2388.16,8126.58,8.4535,0.03,392,2388,100.0,38.75,23.2646
74,67,-0.0011,0.0001,100.0,518.67,642.09,1593.55,1407.41,14.62,21.61,553.95,2388.1,9069.89,1.3,47.23,521.64,2388.06,8142.57,8.4062,0.03,392,2388,100.0,38.78,23.1994
17,159,0.0001,-0.0005,100.0,518.67,642.72,1586.39,1393.73,14.62,21.61,553.71,2388.03,9074.0,1.3,47.42,521.75,2388.05,8153.07,8.4038,0.03,393,2388,100.0,38.8,23.4214
99,159,0.001,0.0005,100.0,518.67,643.58,1589.34,1423.07,14.62,21.61,552.92,2388.15,9059.55,1.3,47.78,520.47,2388.18,8127.92,8.4303,0.03,394,2388,100.0,38.78,23.1769
70,10,0.0005,-0.0001,100.0,518.67,642.14,1587.3,1402.78,14.62,21.61,553.16,2388.02,9049.3,1.3,47.24,521.34,2388.04,8140.03,8.3876,0.03,392,2388,100.0,39.0,23.3742
92,54,0.002,0.0003,100.0,518.67,642.84,1579.56,1403.6,14.62,21.61,553.76,2388.05,9050.21,1.3,47.26,521.65,2388.03,8135.67,8.413,0.03,393,2388,100.0,39.02,23.4938
80,112,0.0,-0.0003,100.0,518.67,642.99,1595.11,1410.59,14.62,21.61,552.35,2388.13,9067.72,1.3,47.55,521.49,2388.11,8148.1,8.4741,0.03,394,2388,100.0,38.91,23.2714
76,203,-0.0012,0.0004,100.0,518.67,643.92,1603.83,1428.37,14.62,21.61,551.83,2388.3,9055.48,1.3,48.02,519.95,2388.21,8132.57,8.4963,0.03,396,2388,100.0,38.56,23.0698
5,160,0.0022,0.0004,100.0,518.67,642.28,1589.77,1407.02,14.62,21.61,553.84,2388.02,9082.33,1.3,47.11,521.65,2388.01,8156.5,8.4285,0.03,394,2388,100.0,38.7,23.3987
73,122,0.002,-0.0003,100.0,518.67,642.82,1592.53,1407.56,14.62,21.61,552.42,2388.18,9039.12,1.3,47.68,520.18,2388.13,8121.72,8.4749,0.03,395,2388,100.0,38.94,23.3425
26,127,-0.0,0.0001,100.0,518.67,642.77,1590.04,1408.29,14.62,21.61,553.12,2388.12,9064.6,1.3,47.68,521.0,2388.11,8135.74,8.4604,0.03,394,2388,100.0,38.7,23.1846
95,244,-0.0014,-0.0003,100.0,518.67,643.7,1591.34,1412.59,14.62,21.61,553.92,2388.08,9093.27,1.3,47.68,520.85,2388.12,8163.49,8.4792,0.03,397,2388,100.0,38.73,23.1629
12,159,0.0031,0.0004,100.0,518.67,643.63,1598.16,1430.89,14.62,21.61,551.85,2388.28,9045.15,1.3,48.1,520.13,2388.27,8119.77,8.4929,0.03,395,2388,100.0,38.48,23.175
31,127,-0.0001,0.0002,100.0,518.67,642.82,1586.92,1404.85,14.62,21.61,554.1,2388.01,9059.17,1.3,47.38,521.85,2388.06,8136.73,8.4483,0.03,392,2388,100.0,38.78,23.3477
3,128,-0.0008,-0.0003,100.0,518.67,642.22,1592.24,1409.32,14.62,21.61,553.67,2388.02,9084.04,1.3,47.55,522.15,2388.07,8169.19,8.4587,0.03,394,2388,100.0,38.89,23.3247
64,11,0.0004,0.0001,100.0,518.67,642.73,1586.57,1403.66,14.62,21.61,554.32,2388.09,9064.09,1.3,47.16,521.91,2388.08,8136.78,8.4122,0.03,393,2388,100.0,38.89,23.3741
56,269,0.0012,-0.0003,100.0,518.67,643.41,1602.31,1426.38,14.62,21.61,551.52,2388.17,9143.35,1.3,48.04,520.2,2388.18,8203.69,8.5215,0.03,396,2388,100.0,38.49,22.9305
79,33,-0.0022,0.0004,100.0,518.67,641.5,1584.15,1388.79,14.62,21.61,554.42,2388.0,9061.4,1.3,47.24,522.21,2388.0,8143.66,8.3574,0.03,392,2388,100.0,39.07,23.5076
32,157,-0.0006,-0.0004,100.0,518.67,643.08,1593.49,1423.07,14.62,21.61,552.54,2388.16,9066.76,1.3,47.82,520.4,2388.17,8142.08,8.468,0.03,393,2388,100.0,38.64,23.2297
7,47,-0.0019,0.0003,100.0,518.67,641.94,1587.72,1401.47,14.62,21.61,553.74,2387.99,9058.35,1.3,47.2,522.02,2387.98,8148.97,8.407,0.03,391,2388,100.0,38.98,23.2798
7,207,-0.0003,0.0001,100.0,518.67,642.98,1593.97,1413.89,14.62,21.61,552.98,2388.1,9075.3,1.3,47.81,521.11,2388.08,8151.96,8.4815,0.03,395,2388,100.0,38.88,23.3537
61,173,-0.0008,0.0004,100.0,518.67,643.77,1597.09,1423.02,14.62,21.61,551.95,2388.25,9046.24,1.3,48.02,520.46,2388.22,8120.92,8.4641,0.03,395,2388,100.0,38.5,23.1417
48,145,-0.0012,-0.0001,100.0,518.67,642.75,1581.33,1402.7,14.62,21.61,553.69,2388.03,9085.19,1.3,47.36,522.1,2388.03,8164.54,8.3969,0.03,392,2388,100.0,38.96,23.3868
3,25,-0.0005,-0.0004,100.0,518.67,642.24,1579.4,1390.93,14.62,21.61,554.21,2388.05,9055.08,1.3,47.17,522.15,2387.98,8134.79,8.3845,0.03,391,2388,100.0,38.9,23.4004
30,156,0.0024,0.0003,100.0,518.67,642.34,1586.8,1402.97,14.62,21.61,553.45,2388.12,9060.81,1.3,47.82,520.92,2388.13,8136.61,8.4352,0.03,393,2388,100.0,38.86,23.2616
89,140,-0.0002,-0.0003,100.0,518.67,642.23,1588.5,1408.7,14.62,21.61,553.49,2388.05,9054.33,1.3,47.44,521.41,2388.08,8131.39,8.4321,0.03,391,2388,100.0,38.91,23.2815
5,181,0.0012,-0.0,100.0,518.67,642.13,1585.09,1406.41,14.62,21.6,553.92,2388.05,9090.1,1.3,47.24,521.95,2388.0,8157.49,8.4198,0.03,392,2388,100.0,38.63,23.37
62,173,-0.0001,-0.0004,100.0,518.67,643.67,1601.42,1431.48,14.62,21.61,552.49,2388.29,9045.5,1.3,48.12,519.87,2388.31,8116.93,8.5266,0.03,395,2388,100.0,38.48,23.1565
47,6,-0.0013,0.0002,100.0,518.67,641.82,1571.99,1397.98,14.62,21.61,553.56,2387.95,9060.16,1.3,47.26,522.6,2388.02,8143.69,8.3724,0.03,392,2388,100.0,38.93,23.4899
54,121,0.0014,0.0004,100.0,518.67,642.34,1591.76,1405.67,14.62,21.61,554.89,2388.04,9066.2,1.3,47.37,522.27,2388.06,8145.4,8.4211,0.03,392,2388,100.0,38.88,23.3944
